what,kind,bundleId,bundleVersion,description,time
started,bundle,org.eclipse.jst.jsf.common,1.2.3.v201104061039,"org.eclipse.jst.jsf.common",1335049930540
started,bundle,org.eclipse.jst.jsf.core,1.3.105.v201108261005,"org.eclipse.jst.jsf.core",1335049930560
started,bundle,org.eclipse.jst.jsp.core,1.2.402.v201112071853,"org.eclipse.jst.jsp.core",1335049930574
started,bundle,org.eclipse.wst.wsdl.validation,1.1.502.v201104071820,"org.eclipse.wst.wsdl.validation",1335049930594
started,bundle,org.eclipse.wst.xsd.core,1.1.600.v201104070312,"org.eclipse.wst.xsd.core",1335049930617
started,bundle,org.eclipse.wst.xsl.core,1.1.100.v201102270516,"org.eclipse.wst.xsl.core",1335049930618
started,bundle,org.eclipse.wst.wsi.ui,1.0.502.v201104071820,"org.eclipse.wst.wsi.ui",1335049930626
started,bundle,org.jboss.tools.maven.cdi,1.3.0.v20120307-0425-H80-Beta1,"org.jboss.tools.maven.cdi",1335049930738
started,bundle,org.jboss.tools.maven.hibernate,1.3.0.v20120307-0425-H80-Beta1,"org.jboss.tools.maven.hibernate",1335049930739
started,bundle,org.jboss.tools.maven.jpa,1.3.0.v20120307-0425-H80-Beta1,"org.jboss.tools.maven.jpa",1335049930741
started,bundle,org.jboss.tools.maven.core,1.3.0.v20120307-0425-H80-Beta1,"org.jboss.tools.maven.core",1335049930748
started,bundle,org.jboss.tools.maven.seam,1.3.0.v20120307-0425-H80-Beta1,"org.jboss.tools.maven.seam",1335049930748
started,bundle,org.jboss.tools.maven.jaxrs,1.3.0.v20120307-0425-H80-Beta1,"org.jboss.tools.maven.jaxrs",1335049930757
started,bundle,org.jboss.tools.maven.jsf,1.3.0.v20120307-0425-H80-Beta1,"org.jboss.tools.maven.jsf",1335049930759
started,bundle,org.jboss.tools.maven.portlet,1.3.0.v20120307-0425-H80-Beta1,"org.jboss.tools.maven.portlet",1335049930761
started,bundle,org.eclipse.jst.server.core,1.2.202.v20110419,"org.eclipse.jst.server.core",1335049931039
started,bundle,org.eclipse.core.variables,3.2.500.v20110928-1503,"org.eclipse.core.variables",1335049931055
started,bundle,org.jboss.ide.eclipse.archives.core,3.2.1.v20120302-0154-H54-Beta1,"org.jboss.ide.eclipse.archives.core",1335049931060
started,bundle,org.jboss.ide.eclipse.archives.webtools,2.3.0.v20120308-1629-H87-Beta1,"org.jboss.ide.eclipse.archives.webtools",1335049931062
started,bundle,org.jboss.ide.eclipse.as.wtp.core,2.3.0.v20120308-1629-H87-Beta1,"org.jboss.ide.eclipse.as.wtp.core",1335049931063
started,bundle,org.eclipse.pde.core,3.7.1.v20120103_r372,"org.eclipse.pde.core",1335049931085
started,bundle,org.jboss.ide.eclipse.as.ui.mbeans,2.3.0.v20120308-1629-H87-Beta1,"org.jboss.ide.eclipse.as.ui.mbeans",1335049931087
activated,view,org.jboss.tools.forge.ui,1.0.0.v20120307-0439-H54-Beta1,"org.jboss.tools.forge.ui.view",1335049932105
deactivated,workbench,org.eclipse.ui.workbench,3.7.1.v20120104-1859,"",1335049932113
started,bundle,org.eclipse.wst.common.uriresolver,1.1.401.v201004280700,"org.eclipse.wst.common.uriresolver",1335049932193
started,bundle,org.eclipse.wst.xsl.exslt.core,1.0.0.v201005240426,"org.eclipse.wst.xsl.exslt.core",1335049932202
started,bundle,org.jboss.tools.common.text.ext,3.3.0.v20120302-0132-H47-Beta1,"org.jboss.tools.common.text.ext",1335049932213
started,bundle,org.eclipse.wst.internet.cache,1.0.400.v201004280700,"org.eclipse.wst.internet.cache",1335049932309
started,bundle,org.jboss.tools.cdi.seam.core,1.2.0.v20120302-0255-H54-Beta1,"org.jboss.tools.cdi.seam.core",1335049932633
activated,workbench,org.eclipse.ui.workbench,3.7.1.v20120104-1859,"",1335049933389
executed,command,org.jboss.tools.forge.ui,1.0.0.v20120307-0439-H54-Beta1,"org.jboss.tools.forge.ui.commandList",1335049933398
started,bundle,org.eclipse.debug.ui,3.7.102.v20111129-1423_r372,"org.eclipse.debug.ui",1335049933433
deactivated,workbench,org.eclipse.ui.workbench,3.7.1.v20120104-1859,"",1335049949966
activated,workbench,org.eclipse.ui.workbench,3.7.1.v20120104-1859,"",1335049975571
activated,view,org.eclipse.ui.navigator.resources,3.4.300.v20110928-1505,"org.eclipse.ui.navigator.ProjectExplorer",1335049977417
started,bundle,org.jboss.tools.ws.jaxrs.ui,1.2.2.v20120306-1559-H77-Beta1,"org.jboss.tools.ws.jaxrs.ui",1335049977422
started,bundle,org.jboss.tools.jst.web.ui,3.3.0.v20120302-0221-H55-Beta1,"org.jboss.tools.jst.web.ui",1335049977428
started,bundle,org.eclipse.jst.ws.jaxws.dom.integration,1.0.101.v201201031437,"org.eclipse.jst.ws.jaxws.dom.integration",1335049977431
started,bundle,org.eclipse.jst.ws.jaxws.dom.ui,1.0.0.v201004171919,"org.eclipse.jst.ws.jaxws.dom.ui",1335049977433
started,bundle,org.eclipse.jst.j2ee.ejb,1.1.505.v201202020200,"org.eclipse.jst.j2ee.ejb",1335049977435
started,bundle,org.eclipse.jst.j2ee.jca,1.1.501.v201111030500,"org.eclipse.jst.j2ee.jca",1335049977437
started,bundle,org.eclipse.jst.j2ee.web,1.1.502.v201202090300,"org.eclipse.jst.j2ee.web",1335049977440
started,bundle,org.eclipse.jst.jee.ejb,1.0.301.v201007070821,"org.eclipse.jst.jee.ejb",1335049977442
started,bundle,org.eclipse.jst.jee.web,1.0.301.v201007070907,"org.eclipse.jst.jee.web",1335049977443
started,bundle,org.jboss.ide.eclipse.archives.ui,3.2.1.v20120302-0154-H54-Beta1,"org.jboss.ide.eclipse.archives.ui",1335049977444
started,bundle,org.eclipse.jpt.jpa.ui,3.0.2.v201201243020,"org.eclipse.jpt.jpa.ui",1335049977459
started,bundle,org.eclipse.jpt.common.ui,1.0.1.v201201260000,"org.eclipse.jpt.common.ui",1335049977461
started,bundle,org.eclipse.xsd,2.7.1.v20120130-0943,"org.eclipse.xsd",1335049977471
started,bundle,org.jboss.tools.hibernate.jpt.core,3.4.0.v20120307-2104-H60-Beta1,"org.jboss.tools.hibernate.jpt.core",1335049977473
started,bundle,org.eclipse.jpt.jpa.db,2.0.0.v201105030000,"org.eclipse.jpt.jpa.db",1335049977495
started,bundle,org.eclipse.datatools.connectivity,1.2.4.v201202041105,"org.eclipse.datatools.connectivity",1335049977538
started,bundle,org.jboss.tools.hibernate.jpt.ui,3.4.0.v20120307-2104-H60-Beta1,"org.jboss.tools.hibernate.jpt.ui",1335049977966
started,bundle,org.eclipse.jst.servlet.ui,1.1.502.v201202011054,"org.eclipse.jst.servlet.ui",1335049977974
started,bundle,org.eclipse.wst.ws.service.policy.ui,1.0.300.v201108240515,"org.eclipse.wst.ws.service.policy.ui",1335049978759
started,bundle,org.eclipse.wst.ws.service.policy,1.0.303.v201009221810,"org.eclipse.wst.ws.service.policy",1335049978759
started,bundle,org.eclipse.wst.command.env,1.0.409.v201004211805,"org.eclipse.wst.command.env",1335049978765
started,bundle,org.eclipse.wst.ws,1.1.203.v201004211805,"org.eclipse.wst.ws",1335049978765
started,bundle,org.jboss.tools.common.verification.ui,3.3.0.v20120302-0132-H47-Beta1,"org.jboss.tools.common.verification.ui",1335049978800
started,bundle,org.codehaus.groovy.eclipse.core,2.6.1.xx-20120301-1000-e37-RELEASE,"org.codehaus.groovy.eclipse.core",1335049978827
started,bundle,org.eclipse.jdt.debug.ui,3.6.1.v20111006_r372,"org.eclipse.jdt.debug.ui",1335049978854
started,bundle,org.codehaus.groovy.eclipse.ui,2.6.1.xx-20120301-1000-e37-RELEASE,"org.codehaus.groovy.eclipse.ui",1335049978855
deactivated,workbench,org.eclipse.ui.workbench,3.7.1.v20120104-1859,"",1335049982335
activated,workbench,org.eclipse.ui.workbench,3.7.1.v20120104-1859,"",1335049988410
deactivated,workbench,org.eclipse.ui.workbench,3.7.1.v20120104-1859,"",1335049989301
error,log,,,"Failed to initialize Git team provider.",1335050012073
started,bundle,org.eclipse.m2e.editor.xml,1.0.200.20111228-1245,"org.eclipse.m2e.editor.xml",1335050012557
started,bundle,org.eclipse.m2e.core.ui,1.0.200.20111228-1245,"org.eclipse.m2e.core.ui",1335050012564
started,bundle,org.jboss.tools.maven.ui,1.3.0.v20120307-0425-H80-Beta1,"org.jboss.tools.maven.ui",1335050013031
started,bundle,org.eclipse.ui.views.log,1.0.200.v20110404,"org.eclipse.ui.views.log",1335050018349
opened,view,org.eclipse.ui.views.log,1.0.200.v20110404,"org.eclipse.pde.runtime.LogView",1335050018440
activated,view,org.eclipse.ui.views.log,1.0.200.v20110404,"org.eclipse.pde.runtime.LogView",1335050018457
error,log,,,"Unhandled event loop exception",1335050025019
activated,workbench,org.eclipse.ui.workbench,3.7.1.v20120104-1859,"",1335050026824
activated,view,org.eclipse.ui.navigator.resources,3.4.300.v20110928-1505,"org.eclipse.ui.navigator.ProjectExplorer",1335050029722
activated,view,org.eclipse.ui.views.log,1.0.200.v20110404,"org.eclipse.pde.runtime.LogView",1335050035936
opened,view,org.eclipse.ui.console,3.5.100.v20111007_r372,"org.eclipse.ui.console.ConsoleView",1335050037254
activated,view,org.eclipse.ui.console,3.5.100.v20111007_r372,"org.eclipse.ui.console.ConsoleView",1335050037262
closed,view,org.eclipse.ui.views.log,1.0.200.v20110404,"org.eclipse.pde.runtime.LogView",1335050039275
activated,view,org.jboss.tools.forge.ui,1.0.0.v20120307-0439-H54-Beta1,"org.jboss.tools.forge.ui.view",1335050039891
activated,view,org.eclipse.ui.navigator.resources,3.4.300.v20110928-1505,"org.eclipse.ui.navigator.ProjectExplorer",1335050048114
activated,view,org.jboss.tools.forge.ui,1.0.0.v20120307-0439-H54-Beta1,"org.jboss.tools.forge.ui.view",1335050060455
deactivated,workbench,org.eclipse.ui.workbench,3.7.1.v20120104-1859,"",1335050061247
activated,workbench,org.eclipse.ui.workbench,3.7.1.v20120104-1859,"",1335050066336
deactivated,workbench,org.eclipse.ui.workbench,3.7.1.v20120104-1859,"",1335050066917
activated,workbench,org.eclipse.ui.workbench,3.7.1.v20120104-1859,"",1335050069181
activated,view,org.eclipse.ui.navigator.resources,3.4.300.v20110928-1505,"org.eclipse.ui.navigator.ProjectExplorer",1335050099479
activated,view,org.jboss.tools.forge.ui,1.0.0.v20120307-0439-H54-Beta1,"org.jboss.tools.forge.ui.view",1335050104508
executed,command,org.jboss.tools.forge.ui,1.0.0.v20120307-0439-H54-Beta1,"org.jboss.tools.forge.ui.stop",1335050111940
deactivated,workbench,org.eclipse.ui.workbench,3.7.1.v20120104-1859,"",1335050112321
activated,workbench,org.eclipse.ui.workbench,3.7.1.v20120104-1859,"",1335050201042
activated,view,org.eclipse.ui.navigator.resources,3.4.300.v20110928-1505,"org.eclipse.ui.navigator.ProjectExplorer",1335050202278
started,bundle,org.eclipse.ltk.ui.refactoring,3.6.0.v20110928-1453,"org.eclipse.ltk.ui.refactoring",1335050202812
deactivated,workbench,org.eclipse.ui.workbench,3.7.1.v20120104-1859,"",1335050202850
started,bundle,org.codehaus.groovy.eclipse.refactoring,2.6.1.xx-20120301-1000-e37-RELEASE,"org.codehaus.groovy.eclipse.refactoring",1335050203326
activated,workbench,org.eclipse.ui.workbench,3.7.1.v20120104-1859,"",1335050203439
executed,command,org.eclipse.ltk.ui.refactoring,3.6.0.v20110928-1453,"org.eclipse.ltk.ui.refactoring.commands.deleteResources",1335050203443
executed,command,org.eclipse.ui,3.7.0.v20110928-1505,"org.eclipse.ui.edit.delete",1335050203443
activated,editor,org.jboss.tools.central,1.0.0.v20120307-1926-H67-Beta1,"org.jboss.tools.central.editors.JBossCentralEditor",1335050204489
activated,view,org.eclipse.ui.navigator.resources,3.4.300.v20110928-1505,"org.eclipse.ui.navigator.ProjectExplorer",1335050204600
closed,editor,org.jboss.tools.central,1.0.0.v20120307-1926-H67-Beta1,"org.jboss.tools.central.editors.JBossCentralEditor",1335050204601
activated,view,org.eclipse.ui.console,3.5.100.v20111007_r372,"org.eclipse.ui.console.ConsoleView",1335050206227
activated,view,org.eclipse.ui.views,3.6.0.v20110928-1505,"org.eclipse.ui.views.ContentOutline",1335050207712
activated,view,org.jboss.tools.forge.ui,1.0.0.v20120307-0439-H54-Beta1,"org.jboss.tools.forge.ui.view",1335050208288
executed,command,org.jboss.tools.forge.ui,1.0.0.v20120307-0439-H54-Beta1,"org.jboss.tools.forge.ui.start",1335050210364
deactivated,workbench,org.eclipse.ui.workbench,3.7.1.v20120104-1859,"",1335050211871
activated,workbench,org.eclipse.ui.workbench,3.7.1.v20120104-1859,"",1335050213757
activated,view,org.eclipse.ui.views,3.6.0.v20110928-1505,"org.eclipse.ui.views.ContentOutline",1335050213820
deactivated,workbench,org.eclipse.ui.workbench,3.7.1.v20120104-1859,"",1335050214310
activated,workbench,org.eclipse.ui.workbench,3.7.1.v20120104-1859,"",1335050214981
activated,view,org.jboss.tools.forge.ui,1.0.0.v20120307-0439-H54-Beta1,"org.jboss.tools.forge.ui.view",1335050214983
started,bundle,org.eclipse.equinox.p2.garbagecollector,1.0.200.v20110815-1419,"org.eclipse.equinox.p2.garbagecollector",1335050227519
jar,m2e.packaging,org.eclipse.m2e.core,1.0.200,"jar",1335050251959
clean:default-clean:clean,m2e.plugins,org.eclipse.m2e.core,1.0.200,"org.apache.maven.plugins:maven-clean-plugin:2.4.1",1335050251959
resources:default-resources:process-resources,m2e.plugins,org.eclipse.m2e.core,1.0.200,"org.apache.maven.plugins:maven-resources-plugin:2.4.3",1335050251959
compile:default-compile:compile,m2e.plugins,org.eclipse.m2e.core,1.0.200,"org.apache.maven.plugins:maven-compiler-plugin:2.3.2",1335050251959
testResources:default-testResources:process-test-resources,m2e.plugins,org.eclipse.m2e.core,1.0.200,"org.apache.maven.plugins:maven-resources-plugin:2.4.3",1335050251959
testCompile:default-testCompile:test-compile,m2e.plugins,org.eclipse.m2e.core,1.0.200,"org.apache.maven.plugins:maven-compiler-plugin:2.3.2",1335050251959
test:default-test:test,m2e.plugins,org.eclipse.m2e.core,1.0.200,"org.apache.maven.plugins:maven-surefire-plugin:2.7.1",1335050251959
jar:default-jar:package,m2e.plugins,org.eclipse.m2e.core,1.0.200,"org.apache.maven.plugins:maven-jar-plugin:2.3.1",1335050251959
install:default-install:install,m2e.plugins,org.eclipse.m2e.core,1.0.200,"org.apache.maven.plugins:maven-install-plugin:2.3.1",1335050251959
deploy:default-deploy:deploy,m2e.plugins,org.eclipse.m2e.core,1.0.200,"org.apache.maven.plugins:maven-deploy-plugin:2.5",1335050251959
site:default-site:site,m2e.plugins,org.eclipse.m2e.core,1.0.200,"org.apache.maven.plugins:maven-site-plugin:2.0.1",1335050251959
started,bundle,org.tigris.subversion.clientadapter.javahl,1.7.4,"org.tigris.subversion.clientadapter.javahl",1335050252014
started,bundle,org.tigris.subversion.clientadapter.svnkit,1.7.0,"org.tigris.subversion.clientadapter.svnkit",1335050252019
deactivated,workbench,org.eclipse.ui.workbench,3.7.1.v20120104-1859,"",1335050254756
activated,workbench,org.eclipse.ui.workbench,3.7.1.v20120104-1859,"",1335050255949
started,bundle,org.eclipse.ui.views.properties.tabbed,3.5.200.v20110928-1505,"org.eclipse.ui.views.properties.tabbed",1335050270652
started,bundle,org.eclipse.wst.xml.ui,1.1.202.v201112071516,"org.eclipse.wst.xml.ui",1335050270732
started,bundle,org.hibernate.eclipse.mapper,3.4.0.v20120307-2104-H60-Beta1,"org.hibernate.eclipse.mapper",1335050270733
started,bundle,org.jboss.tools.common.text.xml,3.3.0.v20120302-0132-H47-Beta1,"org.jboss.tools.common.text.xml",1335050270760
started,bundle,org.jboss.tools.portlet.core,1.2.0.v20120302-2132-H56-Beta1,"org.jboss.tools.portlet.core",1335050270777
started,bundle,org.eclipse.wst.dtd.ui,1.0.600.v201103171359,"org.eclipse.wst.dtd.ui",1335050270940
started,bundle,org.eclipse.wst.xsl.ui,1.1.200.v201103082057,"org.eclipse.wst.xsl.ui",1335050270986
opened,editor,org.eclipse.jpt.jpa.ui,3.0.2.v201201243020,"org.eclipse.jpt.jpa.ui.internal.editors.PersistenceEditor",1335050271006
activated,editor,org.eclipse.jpt.jpa.ui,3.0.2.v201201243020,"org.eclipse.jpt.jpa.ui.internal.editors.PersistenceEditor",1335050271101
activated,view,org.jboss.tools.forge.ui,1.0.0.v20120307-0439-H54-Beta1,"org.jboss.tools.forge.ui.view",1335050271211
deactivated,workbench,org.eclipse.ui.workbench,3.7.1.v20120104-1859,"",1335050273911
activated,workbench,org.eclipse.ui.workbench,3.7.1.v20120104-1859,"",1335050276150
deactivated,workbench,org.eclipse.ui.workbench,3.7.1.v20120104-1859,"",1335050278924
activated,workbench,org.eclipse.ui.workbench,3.7.1.v20120104-1859,"",1335050282039
executed,command,org.eclipse.ui,3.7.0.v20110928-1505,"org.eclipse.ui.edit.paste",1335050282967
error,log,,,"",1335050284026
opened,editor,org.eclipse.jdt.ui,3.7.2.v20120109-1427,"org.eclipse.jdt.ui.CompilationUnitEditor",1335050284181
activated,editor,org.eclipse.jdt.ui,3.7.2.v20120109-1427,"org.eclipse.jdt.ui.CompilationUnitEditor",1335050284281
activated,view,org.jboss.tools.forge.ui,1.0.0.v20120307-0439-H54-Beta1,"org.jboss.tools.forge.ui.view",1335050284341
error,log,,,"Error logged from Forge Plugin: ",1335050284561
activated,editor,org.eclipse.jdt.ui,3.7.2.v20120109-1427,"org.eclipse.jdt.ui.CompilationUnitEditor",1335050284606
activated,view,org.jboss.tools.forge.ui,1.0.0.v20120307-0439-H54-Beta1,"org.jboss.tools.forge.ui.view",1335050284651
deactivated,workbench,org.eclipse.ui.workbench,3.7.1.v20120104-1859,"",1335050289131
activated,workbench,org.eclipse.ui.workbench,3.7.1.v20120104-1859,"",1335050293239
executed,command,org.eclipse.ui,3.7.0.v20110928-1505,"org.eclipse.ui.edit.paste",1335050294788
deactivated,workbench,org.eclipse.ui.workbench,3.7.1.v20120104-1859,"",1335050295149
error,log,,,"Error logged from Forge Plugin: ",1335050295244
error,log,,,"Error logged from Forge Plugin: ",1335050295364
activated,workbench,org.eclipse.ui.workbench,3.7.1.v20120104-1859,"",1335050296899
error,log,,,"WARNING: Prevented recursive attempt to activate part org.jboss.tools.forge.ui.view while still in the middle of activating part org.eclipse.jdt.ui.CompilationUnitEditor",1335050296909
activated,editor,org.eclipse.jdt.ui,3.7.2.v20120109-1427,"org.eclipse.jdt.ui.CompilationUnitEditor",1335050296924
started,bundle,org.eclipse.jdt.junit,3.7.0.v20110928-1453,"org.eclipse.jdt.junit",1335050296934
activated,editor,org.eclipse.jpt.jpa.ui,3.0.2.v201201243020,"org.eclipse.jpt.jpa.ui.internal.editors.PersistenceEditor",1335050298523
closed,editor,org.eclipse.jdt.ui,3.7.2.v20120109-1427,"org.eclipse.jdt.ui.CompilationUnitEditor",1335050298523
executed,command,org.eclipse.ui,3.7.0.v20110928-1505,"org.eclipse.ui.file.close",1335050298535
activated,view,org.jboss.tools.forge.ui,1.0.0.v20120307-0439-H54-Beta1,"org.jboss.tools.forge.ui.view",1335050298655
closed,editor,org.eclipse.jpt.jpa.ui,3.0.2.v201201243020,"org.eclipse.jpt.jpa.ui.internal.editors.PersistenceEditor",1335050298655
executed,command,org.eclipse.ui,3.7.0.v20110928-1505,"org.eclipse.ui.file.close",1335050298663
activated,view,org.eclipse.ui.navigator.resources,3.4.300.v20110928-1505,"org.eclipse.ui.navigator.ProjectExplorer",1335050299856
activated,view,org.jboss.tools.forge.ui,1.0.0.v20120307-0439-H54-Beta1,"org.jboss.tools.forge.ui.view",1335050303121
error,log,,,"Error logged from Forge Plugin: ",1335050303817
executed,command,org.eclipse.ui,3.7.0.v20110928-1505,"org.eclipse.ui.edit.paste",1335050304687
opened,editor,org.eclipse.jdt.ui,3.7.2.v20120109-1427,"org.eclipse.jdt.ui.CompilationUnitEditor",1335050305133
activated,editor,org.eclipse.jdt.ui,3.7.2.v20120109-1427,"org.eclipse.jdt.ui.CompilationUnitEditor",1335050305178
activated,view,org.jboss.tools.forge.ui,1.0.0.v20120307-0439-H54-Beta1,"org.jboss.tools.forge.ui.view",1335050305248
error,log,,,"Error logged from Forge Plugin: ",1335050305433
error,log,,,"Error logged from Forge Plugin: ",1335050305478
activated,view,org.eclipse.ui.navigator.resources,3.4.300.v20110928-1505,"org.eclipse.ui.navigator.ProjectExplorer",1335050307446
activated,editor,org.eclipse.jdt.ui,3.7.2.v20120109-1427,"org.eclipse.jdt.ui.CompilationUnitEditor",1335050307676
activated,view,org.eclipse.ui.navigator.resources,3.4.300.v20110928-1505,"org.eclipse.ui.navigator.ProjectExplorer",1335050309375
opened,editor,org.eclipse.jdt.ui,3.7.2.v20120109-1427,"org.eclipse.jdt.ui.CompilationUnitEditor",1335050309605
activated,editor,org.eclipse.jdt.ui,3.7.2.v20120109-1427,"org.eclipse.jdt.ui.CompilationUnitEditor",1335050309645
activated,view,org.eclipse.ui.navigator.resources,3.4.300.v20110928-1505,"org.eclipse.ui.navigator.ProjectExplorer",1335050311580
deactivated,workbench,org.eclipse.ui.workbench,3.7.1.v20120104-1859,"",1335050313785
activated,workbench,org.eclipse.ui.workbench,3.7.1.v20120104-1859,"",1335050315567
deactivated,workbench,org.eclipse.ui.workbench,3.7.1.v20120104-1859,"",1335050322774
closed,editor,org.eclipse.jdt.ui,3.7.2.v20120109-1427,"org.eclipse.jdt.ui.CompilationUnitEditor",1335050323286
activated,workbench,org.eclipse.ui.workbench,3.7.1.v20120104-1859,"",1335050323304
executed,command,org.eclipse.ui,3.7.0.v20110928-1505,"org.eclipse.ui.edit.delete",1335050323334
activated,view,org.jboss.tools.forge.ui,1.0.0.v20120307-0439-H54-Beta1,"org.jboss.tools.forge.ui.view",1335050324011
error,log,,,"Error logged from Forge Plugin: ",1335050325585
activated,editor,org.eclipse.jdt.ui,3.7.2.v20120109-1427,"org.eclipse.jdt.ui.CompilationUnitEditor",1335050327587
executed,command,org.eclipse.ui,3.7.0.v20110928-1505,"org.eclipse.ui.edit.undo",1335050327810
executed,command,org.eclipse.ui,3.7.0.v20110928-1505,"org.eclipse.ui.file.save",1335050328540
activated,view,org.jboss.tools.forge.ui,1.0.0.v20120307-0439-H54-Beta1,"org.jboss.tools.forge.ui.view",1335050328970
closed,editor,org.eclipse.jdt.ui,3.7.2.v20120109-1427,"org.eclipse.jdt.ui.CompilationUnitEditor",1335050328970
executed,command,org.eclipse.ui,3.7.0.v20110928-1505,"org.eclipse.ui.file.close",1335050328980
activated,view,org.eclipse.ui.navigator.resources,3.4.300.v20110928-1505,"org.eclipse.ui.navigator.ProjectExplorer",1335050330535
opened,editor,org.eclipse.jdt.ui,3.7.2.v20120109-1427,"org.eclipse.jdt.ui.CompilationUnitEditor",1335050330745
activated,editor,org.eclipse.jdt.ui,3.7.2.v20120109-1427,"org.eclipse.jdt.ui.CompilationUnitEditor",1335050330780
activated,view,org.eclipse.ui.navigator.resources,3.4.300.v20110928-1505,"org.eclipse.ui.navigator.ProjectExplorer",1335050331515
deactivated,workbench,org.eclipse.ui.workbench,3.7.1.v20120104-1859,"",1335050331980
activated,workbench,org.eclipse.ui.workbench,3.7.1.v20120104-1859,"",1335050332565
executed,command,org.eclipse.ui,3.7.0.v20110928-1505,"org.eclipse.ui.edit.delete",1335050332580
closed,editor,org.eclipse.jdt.ui,3.7.2.v20120109-1427,"org.eclipse.jdt.ui.CompilationUnitEditor",1335050332625
deactivated,workbench,org.eclipse.ui.workbench,3.7.1.v20120104-1859,"",1335050334250
activated,workbench,org.eclipse.ui.workbench,3.7.1.v20120104-1859,"",1335050336612
activated,view,org.jboss.tools.forge.ui,1.0.0.v20120307-0439-H54-Beta1,"org.jboss.tools.forge.ui.view",1335050336632
executed,command,org.eclipse.ui,3.7.0.v20110928-1505,"org.eclipse.ui.edit.paste",1335050338852
opened,editor,org.eclipse.jdt.ui,3.7.2.v20120109-1427,"org.eclipse.jdt.ui.CompilationUnitEditor",1335050339223
activated,editor,org.eclipse.jdt.ui,3.7.2.v20120109-1427,"org.eclipse.jdt.ui.CompilationUnitEditor",1335050339263
activated,view,org.jboss.tools.forge.ui,1.0.0.v20120307-0439-H54-Beta1,"org.jboss.tools.forge.ui.view",1335050339323
error,log,,,"Error logged from Forge Plugin: ",1335050339498
activated,editor,org.eclipse.jdt.ui,3.7.2.v20120109-1427,"org.eclipse.jdt.ui.CompilationUnitEditor",1335050339548
activated,view,org.jboss.tools.forge.ui,1.0.0.v20120307-0439-H54-Beta1,"org.jboss.tools.forge.ui.view",1335050339568
activated,editor,org.eclipse.jdt.ui,3.7.2.v20120109-1427,"org.eclipse.jdt.ui.CompilationUnitEditor",1335050340889
activated,view,org.jboss.tools.forge.ui,1.0.0.v20120307-0439-H54-Beta1,"org.jboss.tools.forge.ui.view",1335050340909
activated,editor,org.eclipse.jdt.ui,3.7.2.v20120109-1427,"org.eclipse.jdt.ui.CompilationUnitEditor",1335050342519
started,bundle,org.jboss.tools.cdi.seam.text.ext,1.2.0.v20120302-0255-H54-Beta1,"org.jboss.tools.cdi.seam.text.ext",1335050343844
started,bundle,org.jboss.tools.cdi.text.ext,1.2.0.v20120302-0255-H54-Beta1,"org.jboss.tools.cdi.text.ext",1335050343844
started,bundle,org.jboss.tools.seam.text.ext,3.3.0.v20120302-2019-H81-Beta1,"org.jboss.tools.seam.text.ext",1335050343849
started,bundle,org.eclipse.mylyn.java.tasks,3.7.0.v20120319-0200,"org.eclipse.mylyn.java.tasks",1335050343849
started,bundle,org.jboss.tools.jst.text.ext,3.3.0.v20120302-0221-H55-Beta1,"org.jboss.tools.jst.text.ext",1335050343859
activated,view,org.jboss.tools.forge.ui,1.0.0.v20120307-0439-H54-Beta1,"org.jboss.tools.forge.ui.view",1335050344004
closed,editor,org.eclipse.jdt.ui,3.7.2.v20120109-1427,"org.eclipse.jdt.ui.CompilationUnitEditor",1335050344004
executed,command,org.eclipse.ui,3.7.0.v20110928-1505,"org.eclipse.ui.file.close",1335050344014
deactivated,workbench,org.eclipse.ui.workbench,3.7.1.v20120104-1859,"",1335050348345
activated,workbench,org.eclipse.ui.workbench,3.7.1.v20120104-1859,"",1335050352694
executed,command,org.eclipse.ui,3.7.0.v20110928-1505,"org.eclipse.ui.edit.paste",1335050353116
opened,editor,org.eclipse.jdt.ui,3.7.2.v20120109-1427,"org.eclipse.jdt.ui.CompilationUnitEditor",1335050353502
activated,editor,org.eclipse.jdt.ui,3.7.2.v20120109-1427,"org.eclipse.jdt.ui.CompilationUnitEditor",1335050353537
activated,view,org.jboss.tools.forge.ui,1.0.0.v20120307-0439-H54-Beta1,"org.jboss.tools.forge.ui.view",1335050353602
error,log,,,"Unhandled event loop exception",1335050353692
error,log,,,"Unhandled event loop exception",1335050353772
error,log,,,"Error logged from Forge Plugin: ",1335050355129
deactivated,workbench,org.eclipse.ui.workbench,3.7.1.v20120104-1859,"",1335050357174
activated,workbench,org.eclipse.ui.workbench,3.7.1.v20120104-1859,"",1335050359187
activated,editor,org.eclipse.jdt.ui,3.7.2.v20120109-1427,"org.eclipse.jdt.ui.CompilationUnitEditor",1335050359201
activated,view,org.jboss.tools.forge.ui,1.0.0.v20120307-0439-H54-Beta1,"org.jboss.tools.forge.ui.view",1335050359423
closed,editor,org.eclipse.jdt.ui,3.7.2.v20120109-1427,"org.eclipse.jdt.ui.CompilationUnitEditor",1335050359423
executed,command,org.eclipse.ui,3.7.0.v20110928-1505,"org.eclipse.ui.file.close",1335050359428
error,log,,,"Exception caught in FolderImpl.update()",1335050365662
error,log,,,"Exception caught in FolderImpl.update()",1335050365672
error,log,,,"Core exception while retrieving the content description",1335050365682
error,log,,,"Core exception while retrieving the content description",1335050365687
started,bundle,org.eclipse.ant.ui,3.5.101.v20120110-1739,"org.eclipse.ant.ui",1335050365707
error,log,,,"Core exception while retrieving the content description",1335050365717
error,log,,,"Core exception while retrieving the content description",1335050365722
jar,m2e.packaging,org.eclipse.m2e.core,1.0.200,"jar",1335050365872
clean:default-clean:clean,m2e.plugins,org.eclipse.m2e.core,1.0.200,"org.apache.maven.plugins:maven-clean-plugin:2.4.1",1335050365872
resources:default-resources:process-resources,m2e.plugins,org.eclipse.m2e.core,1.0.200,"org.apache.maven.plugins:maven-resources-plugin:2.4.3",1335050365872
compile:default-compile:compile,m2e.plugins,org.eclipse.m2e.core,1.0.200,"org.apache.maven.plugins:maven-compiler-plugin:2.3.2",1335050365872
testResources:default-testResources:process-test-resources,m2e.plugins,org.eclipse.m2e.core,1.0.200,"org.apache.maven.plugins:maven-resources-plugin:2.4.3",1335050365872
testCompile:default-testCompile:test-compile,m2e.plugins,org.eclipse.m2e.core,1.0.200,"org.apache.maven.plugins:maven-compiler-plugin:2.3.2",1335050365872
